25.462122,1.00000002e+30,1.00000002e+30,154.893814,1.00000002e+30,87.9676132,1.00000002e+30,1.00000002e+30,269.591309,1.00000002e+30,1.00000002e+30,1.00000002e+30,1.00000002e+30,1.00000002e+30,1.00000002e+30,1.00000002e+30,453.000214,1.00000002e+30,1.00000002e+30,1.00000002e+30,1.00000002e+30,1.00000002e+30,1.00000002e+30,1.00000002e+30,1.00000002e+30,1.00000002e+30,1.00000002e+30,1.00000002e+30,1.00000002e+30,1.00000002e+30,1.00000002e+30,1.00000002e+30,1.00000002e+30,1.00000002e+30,1.00000002e+30,1.00000002e+30,1.00000002e+30,1.00000002e+30,1.00000002e+30,1.00000002e+30,1.00000002e+30,1.00000002e+30,1.00000002e+30,1.00000002e+30,1.00000002e+30,1.00000002e+30,1.00000002e+30,1.00000002e+30,1.00000002e+30,1.00000002e+30,1.00000002e+30,1.00000002e+30,1.00000002e+30,1.00000002e+30,1.00000002e+30,1.00000002e+30,1.00000002e+30,1.00000002e+30,1.00000002e+30,393.929138,1.00000002e+30,1.00000002e+30,1.00000002e+30,1.00000002e+30
1.00000002e+30,18.7823563,1.00000002e+30,1.00000002e+30,58.7318802,1.00000002e+30,166.315323,1.00000002e+30,1.00000002e+30,253.241852,1.00000002e+30,1.00000002e+30,278.221252,1.00000002e+30,296.982361,1.00000002e+30,1.00000002e+30,341.698975,1.00000002e+30,1.00000002e+30,379.756409,1.00000002e+30,396.207825,1.00000002e+30,1.00000002e+30,1.00000002e+30,1.00000002e+30,1.00000002e+30,466.232239,1.00000002e+30,1.00000002e+30,1.00000002e+30,1.00000002e+30,1.00000002e+30,1.00000002e+30,1.00000002e+30,1.00000002e+30,1.00000002e+30,1.00000002e+30,1.00000002e+30,1.00000002e+30,393.799866,1.00000002e+30,1.00000002e+30,1.00000002e+30,1.00000002e+30,1.00000002e+30,1.00000002e+30,1.00000002e+30,1.00000002e+30,1.00000002e+30,1.00000002e+30,1.00000002e+30,1.00000002e+30,1.00000002e+30,1.00000002e+30,1.00000002e+30,287.715149,1.00000002e+30,1.00000002e+30,1.00000002e+30,1.00000002e+30,1.00000002e+30,1.00000002e+30
1.00000002e+30,1.00000002e+30,28.1740456,1.00000002e+30,1.00000002e+30,65.1217651,1.00000002e+30,156.618195,1.00000002e+30,1.00000002e+30,107.415108,1.00000002e+30,1.00000002e+30,206.57193,1.00000002e+30,285.257141,1.00000002e+30,1.00000002e+30,645.551575,1.00000002e+30,1.00000002e+30,313.401489,1.00000002e+30,348.798462,1.00000002e+30,1.00000002e+30,1.00000002e+30,1.00000002e+30,1.00000002e+30,406.806061,1.00000002e+30,1.00000002e+30,1.00000002e+30,1.00000002e+30,1.00000002e+30,1.00000002e+30,1.00000002e+30,1.00000002e+30,1.00000002e+30,477.19693,1.00000002e+30,1.00000002e+30,1.00000002e+30,1.00000002e+30,1.00000002e+30,639.783813,1.00000002e+30,334.122437,1.00000002e+30,1.00000002e+30,1.00000002e+30,1.00000002e+30,1.00000002e+30,566.575134,1.00000002e+30,355.574097,1.00000002e+30,1.00000002e+30,243.892075,1.00000002e+30,1.00000002e+30,494.686096,1.00000002e+30,410.990845
49.7668381,1.00000002e+30,1.00000002e+30,37.0255699,1.00000002e+30,1.00000002e+30,141.755768,1.00000002e+30,236.209305,1.00000002e+30,1.00000002e+30,109.16552,1.00000002e+30,1.00000002e+30,189.465317,1.00000002e+30,222.438354,1.00000002e+30,1.00000002e+30,393.974976,1.00000002e+30,1.00000002e+30,259.789337,1.00000002e+30,598.579773,1.00000002e+30,1.00000002e+30,628.010681,1.00000002e+30,1.00000002e+30,1.00000002e+30,1.00000002e+30,607.665771,1.00000002e+30,1.00000002e+30,595.218262,1.00000002e+30,1.00000002e+30,428.845032,1.00000002e+30,270.384125,1.00000002e+30,1.00000002e+30,1.00000002e+30,1.00000002e+30,1.00000002e+30,420.276306,1.00000002e+30,1.00000002e+30,1.00000002e+30,1.00000002e+30,489.512329,1.00000002e+30,1.00000002e+30,1.00000002e+30,1.00000002e+30,193.499496,1.00000002e+30,1.00000002e+30,182.681473,1.00000002e+30,1.00000002e+30,411.474304,1.00000002e+30
1.00000002e+30,45.0364914,1.00000002e+30,1.00000002e+30,45.412468,1.00000002e+30,1.00000002e+30,141.898224,1.00000002e+30,237.626801,1.00000002e+30,1.00000002e+30,193.639587,1.00000002e+30,1.00000002e+30,217.378448,1.00000002e+30,299.546631,1.00000002e+30,1.00000002e+30,251.608307,1.00000002e+30,1.00000002e+30,232.559036,1.00000002e+30,494.695374,1.00000002e+30,1.00000002e+30,311.378815,1.00000002e+30,1.00000002e+30,1.00000002e+30,1.00000002e+30,506.311127,1.00000002e+30,1.00000002e+30,1.00000002e+30,1.00000002e+30,1.00000002e+30,351.196655,1.00000002e+30,258.598267,1.00000002e+30,1.00000002e+30,451.954407,1.00000002e+30,1.00000002e+30,288.475983,1.00000002e+30,1.00000002e+30,1.00000002e+30,1.00000002e+30,441.31546,1.00000002e+30,1.00000002e+30,345.438721,1.00000002e+30,183.533325,1.00000002e+30,1.00000002e+30,345.529053,1.00000002e+30,1.00000002e+30,379.089569
77.8252869,1.00000002e+30,43.2724915,1.00000002e+30,1.00000002e+30,53.4559402,1.00000002e+30,1.00000002e+30,223.974701,1.00000002e+30,93.9325027,1.00000002e+30,1.00000002e+30,179.223709,1.00000002e+30,1.00000002e+30,213.439835,1.00000002e+30,426.88269,1.00000002e+30,1.00000002e+30,236.938354,1.00000002e+30,1.00000002e+30,440.690918,1.00000002e+30,473.924072,1.00000002e+30,1.00000002e+30,298.637634,1.00000002e+30,1.00000002e+30,463.702545,1.00000002e+30,460.724823,1.00000002e+30,1.00000002e+30,1.00000002e+30,1.00000002e+30,1.00000002e+30,267.280151,1.00000002e+30,633.032898,1.00000002e+30,1.00000002e+30,461.439117,1.00000002e+30,1.00000002e+30,710.940674,1.00000002e+30,543.11792,1.00000002e+30,1.00000002e+30,387.756683,1.00000002e+30,1.00000002e+30,185.059525,1.00000002e+30,177.371979,1.00000002e+30,1.00000002e+30,321.732635,1.00000002e+30,1.00000002e+30
1.00000002e+30,84.5147324,1.00000002e+30,58.3668365,1.00000002e+30,1.00000002e+30,129.524353,1.00000002e+30,1.00000002e+30,242.233917,1.00000002e+30,112.376663,1.00000002e+30,1.00000002e+30,186.073242,1.00000002e+30,1.00000002e+30,306.67804,1.00000002e+30,266.590576,1.00000002e+30,1.00000002e+30,242.155411,1.00000002e+30,1.00000002e+30,412.65625,1.00000002e+30,452.811523,1.00000002e+30,1.00000002e+30,1.00000002e+30,1.00000002e+30,1.00000002e+30,419.589294,1.00000002e+30,1.00000002e+30,1.00000002e+30,1.00000002e+30,315.089294,1.00000002e+30,1.00000002e+30,271.021423,1.00000002e+30,1.00000002e+30,1.00000002e+30,1.00000002e+30,310.993622,1.00000002e+30,1.00000002e+30,1.00000002e+30,1.00000002e+30,400.237183,1.00000002e+30,1.00000002e+30,1.00000002e+30,1.00000002e+30,1.00000002e+30,191.351807,1.00000002e+30,188.841843,1.00000002e+30,1.00000002e+30,315.121399,1.00000002e+30
1.00000002e+30,1.00000002e+30,48.052063,1.00000002e+30,27.6482601,1.00000002e+30,1.00000002e+30,102.781067,1.00000002e+30,1.00000002e+30,67.809021,1.00000002e+30,149.067581,1.00000002e+30,1.00000002e+30,275.89505,1.00000002e+30,1.00000002e+30,590.710327,1.00000002e+30,287.743225,1.00000002e+30,1.00000002e+30,354.12738,1.00000002e+30,1.00000002e+30,1.00000002e+30,1.00000002e+30,374.825012,1.00000002e+30,1.00000002e+30,1.00000002e+30,1.00000002e+30,1.00000002e+30,1.00000002e+30,1.00000002e+30,1.00000002e+30,1.00000002e+30,1.00000002e+30,1.00000002e+30,1.00000002e+30,1.00000002e+30,1.00000002e+30,1.00000002e+30,1.00000002e+30,1.00000002e+30,1.00000002e+30,357.048523,1.00000002e+30,1.00000002e+30,1.00000002e+30,1.00000002e+30,1.00000002e+30,1.00000002e+30,1.00000002e+30,337.644562,1.00000002e+30,1.00000002e+30,255.278809,1.00000002e+30,459.567505,1.00000002e+30,1.00000002e+30,409.210205
102.824715,1.00000002e+30,1.00000002e+30,46.1900902,1.00000002e+30,30.4416084,1.00000002e+30,1.00000002e+30,188.55896,1.00000002e+30,1.00000002e+30,72.3806,1.00000002e+30,139.96521,1.00000002e+30,1.00000002e+30,182.798721,1.00000002e+30,1.00000002e+30,359.587463,1.00000002e+30,234.166855,1.00000002e+30,1.00000002e+30,543.717346,1.00000002e+30,1.00000002e+30,596.611877,1.00000002e+30,345.222839,1.00000002e+30,1.00000002e+30,587.611694,1.00000002e+30,1.00000002e+30,1.00000002e+30,1.00000002e+30,1.00000002e+30,1.00000002e+30,1.00000002e+30,291.290497,1.00000002e+30,1.00000002e+30,1.00000002e+30,1.00000002e+30,590.682922,1.00000002e+30,1.00000002e+30,1.00000002e+30,1.00000002e+30,1.00000002e+30,497.826904,1.00000002e+30,520.148438,1.00000002e+30,1.00000002e+30,156.782974,1.00000002e+30,1.00000002e+30,151.25592,1.00000002e+30,401.204285,1.00000002e+30,1.00000002e+30
1.00000002e+30,89.1800003,1.00000002e+30,1.00000002e+30,45.9448929,1.00000002e+30,73.9358139,1.00000002e+30,1.00000002e+30,194.562836,1.00000002e+30,1.00000002e+30,130.809265,1.00000002e+30,135.547379,1.00000002e+30,1.00000002e+30,262.731262,1.00000002e+30,1.00000002e+30,203.794266,1.00000002e+30,196.506912,1.00000002e+30,1.00000002e+30,460.289429,1.00000002e+30,1.00000002e+30,249.722549,1.00000002e+30,1.00000002e+30,1.00000002e+30,1.00000002e+30,496.907196,1.00000002e+30,1.00000002e+30,1.00000002e+30,1.00000002e+30,394.366638,1.00000002e+30,1.00000002e+30,241.210754,1.00000002e+30,1.00000002e+30,464.39621,1.00000002e+30,377.313843,1.00000002e+30,1.00000002e+30,1.00000002e+30,1.00000002e+30,1.00000002e+30,455.696106,1.00000002e+30,1.00000002e+30,1.00000002e+30,1.00000002e+30,149.710342,1.00000002e+30,1.00000002e+30,310.696564,1.00000002e+30,332.445496,1.00000002e+30
1.00000002e+30,1.00000002e+30,81.1117554,1.00000002e+30,1.00000002e+30,46.8326035,1.00000002e+30,82.2148285,1.00000002e+30,1.00000002e+30,54.4044914,1.00000002e+30,1.00000002e+30,125.24501,1.00000002e+30,168.994232,1.00000002e+30,1.00000002e+30,363.997742,1.00000002e+30,1.00000002e+30,193.738174,1.00000002e+30,191.797806,1.00000002e+30,1.00000002e+30,453.888336,1.00000002e+30,1.00000002e+30,239.806534,1.00000002e+30,1.00000002e+30,1.00000002e+30,1.00000002e+30,459.528992,1.00000002e+30,1.00000002e+30,1.00000002e+30,1.00000002e+30,321.471222,1.00000002e+30,1.00000002e+30,1.00000002e+30,1.00000002e+30,1.00000002e+30,462.929565,1.00000002e+30,259.402374,1.00000002e+30,1.00000002e+30,546.185181,1.00000002e+30,1.00000002e+30,392.211914,1.00000002e+30,304.739716,1.00000002e+30,1.00000002e+30,145.785187,1.00000002e+30,1.00000002e+30,275.221954,1.00000002e+30,335.981018
144.994598,1.00000002e+30,1.00000002e+30,76.4549637,1.00000002e+30,1.00000002e+30,94.3915939,1.00000002e+30,171.003967,1.00000002e+30,1.00000002e+30,60.6579895,1.00000002e+30,1.00000002e+30,123.312653,1.00000002e+30,169.320435,1.00000002e+30,1.00000002e+30,197.566177,1.00000002e+30,1.00000002e+30,187.511078,1.00000002e+30,335.92276,1.00000002e+30,1.00000002e+30,394.603943,1.00000002e+30,1.00000002e+30,606.855347,1.00000002e+30,381.386169,1.00000002e+30,1.00000002e+30,399.821899,1.00000002e+30,1.00000002e+30,278.018097,1.00000002e+30,244.438034,1.00000002e+30,1.00000002e+30,526.679932,1.00000002e+30,1.00000002e+30,268.404755,1.00000002e+30,621.716064,1.00000002e+30,1.00000002e+30,351.721191,1.00000002e+30,1.00000002e+30,1.00000002e+30,1.00000002e+30,148.199265,1.00000002e+30,1.00000002e+30,144.037003,1.00000002e+30,1.00000002e+30,258.570923,1.00000002e+30
1.00000002e+30,141.023438,1.00000002e+30,1.00000002e+30,89.0379105,1.00000002e+30,1.00000002e+30,107.065094,1.00000002e+30,194.471649,1.00000002e+30,1.00000002e+30,118.499237,1.00000002e+30,1.00000002e+30,173.601242,1.00000002e+30,265.946075,1.00000002e+30,1.00000002e+30,200.407562,1.00000002e+30,1.00000002e+30,198.93158,1.00000002e+30,351.236359,1.00000002e+30,1.00000002e+30,251.222992,1.00000002e+30,1.00000002e+30,1.00000002e+30,1.00000002e+30,371.164551,1.00000002e+30,1.00000002e+30,1.00000002e+30,1.00000002e+30,1.00000002e+30,272.942322,1.00000002e+30,249.382751,1.00000002e+30,1.00000002e+30,383.729401,1.00000002e+30,1.00000002e+30,271.154938,1.00000002e+30,595.896057,1.00000002e+30,1.00000002e+30,380.988281,1.00000002e+30,1.00000002e+30,315.259399,1.00000002e+30,157.34494,1.00000002e+30,1.00000002e+30,262.169067,1.00000002e+30,1.00000002e+30,342.94751
197.887939,1.00000002e+30,137.097839,1.00000002e+30,1.00000002e+30,73.1715393,1.00000002e+30,1.00000002e+30,172.402054,1.00000002e+30,41.2884674,1.00000002e+30,1.00000002e+30,103.225258,1.00000002e+30,1.00000002e+30,160.346878,1.00000002e+30,474.193115,1.00000002e+30,1.00000002e+30,241.970444,1.00000002e+30,1.00000002e+30,506.048126,1.00000002e+30,594.970825,1.00000002e+30,1.00000002e+30,345.710815,1.00000002e+30,1.00000002e+30,1.00000002e+30,1.00000002e+30,1.00000002e+30,1.00000002e+30,1.00000002e+30,1.00000002e+30,1.00000002e+30,1.00000002e+30,347.70285,1.00000002e+30,1.00000002e+30,1.00000002e+30,1.00000002e+30,1.00000002e+30,1.00000002e+30,1.00000002e+30,1.00000002e+30,1.00000002e+30,1.00000002e+30,1.00000002e+30,1.00000002e+30,1.00000002e+30,1.00000002e+30,1.00000002e+30,173.490479,1.00000002e+30,228.157486,1.00000002e+30,1.00000002e+30,404.51123,1.00000002e+30,1.00000002e+30
1.00000002e+30,133.441406,1.00000002e+30,89.6271591,1.00000002e+30,1.00000002e+30,118.872391,1.00000002e+30,1.00000002e+30,158.04393,1.00000002e+30,31.992794,1.00000002e+30,1.00000002e+30,87.8596268,1.00000002e+30,1.00000002e+30,225.949966,1.00000002e+30,250.44574,1.00000002e+30,1.00000002e+30,189.259766,1.00000002e+30,1.00000002e+30,425.919708,1.00000002e+30,517.392029,1.00000002e+30,1.00000002e+30,1.00000002e+30,1.00000002e+30,1.00000002e+30,487.518066,1.00000002e+30,538.961792,1.00000002e+30,1.00000002e+30,435.762817,1.00000002e+30,1.00000002e+30,282.407867,1.00000002e+30,1.00000002e+30,1.00000002e+30,1.00000002e+30,404.155548,1.00000002e+30,1.00000002e+30,1.00000002e+30,1.00000002e+30,445.153473,1.00000002e+30,1.00000002e+30,1.00000002e+30,1.00000002e+30,1.00000002e+30,121.899429,1.00000002e+30,121.220161,1.00000002e+30,1.00000002e+30,329.228455,1.00000002e+30
1.00000002e+30,1.00000002e+30,119.134743,1.00000002e+30,85.0662155,1.00000002e+30,1.00000002e+30,110.942314,1.00000002e+30,1.00000002e+30,17.5787621,1.00000002e+30,59.3457298,1.00000002e+30,1.00000002e+30,125.902618,1.00000002e+30,1.00000002e+30,301.173615,1.00000002e+30,149.885773,1.00000002e+30,1.00000002e+30,158.796463,1.00000002e+30,1.00000002e+30,433.883972,1.00000002e+30,205.577759,1.00000002e+30,1.00000002e+30,1.00000002e+30,1.00000002e+30,1.00000002e+30,458.346619,1.00000002e+30,1.00000002e+30,1.00000002e+30,1.00000002e+30,364.974487,1.00000002e+30,1.00000002e+30,1.00000002e+30,1.00000002e+30,422.379791,1.00000002e+30,1.00000002e+30,234.955399,1.00000002e+30,1.00000002e+30,1.00000002e+30,1.00000002e+30,409.62323,1.00000002e+30,1.00000002e+30,280.941467,1.00000002e+30,1.00000002e+30,119.308952,1.00000002e+30,216.401733,1.00000002e+30,1.00000002e+30,299.609467
198.141998,1.00000002e+30,1.00000002e+30,109.85157,1.00000002e+30,82.4925079,1.00000002e+30,1.00000002e+30,186.911835,1.00000002e+30,1.00000002e+30,25.2894325,1.00000002e+30,64.2728958,1.00000002e+30,1.00000002e+30,129.771301,1.00000002e+30,1.00000002e+30,143.592392,1.00000002e+30,145.361893,1.00000002e+30,1.00000002e+30,273.048035,1.00000002e+30,1.00000002e+30,377.712524,1.00000002e+30,199.050919,1.00000002e+30,1.00000002e+30,329.652863,1.00000002e+30,1.00000002e+30,405.15799,1.00000002e+30,634.697205,1.00000002e+30,1.00000002e+30,227.560715,1.00000002e+30,1.00000002e+30,547.697327,1.00000002e+30,426.734375,1.00000002e+30,1.00000002e+30,614.005554,1.00000002e+30,1.00000002e+30,320.450348,1.00000002e+30,351.383881,1.00000002e+30,1.00000002e+30,125.345436,1.00000002e+30,1.00000002e+30,118.628761,1.00000002e+30,228.565918,1.00000002e+30,1.00000002e+30
1.00000002e+30,170.297424,1.00000002e+30,1.00000002e+30,103.864464,1.00000002e+30,160.926147,1.00000002e+30,1.00000002e+30,185.278366,1.00000002e+30,1.00000002e+30,42.381691,1.00000002e+30,69.7190247,1.00000002e+30,1.00000002e+30,214.210846,1.00000002e+30,1.00000002e+30,137.651001,1.00000002e+30,143.39856,1.00000002e+30,1.00000002e+30,282.220337,1.00000002e+30,1.00000002e+30,196.584122,1.00000002e+30,473.09491,1.00000002e+30,1.00000002e+30,312.961945,1.00000002e+30,1.00000002e+30,788.337585,1.00000002e+30,263.542145,1.00000002e+30,1.00000002e+30,217.999481,1.00000002e+30,1.00000002e+30,343.277496,1.00000002e+30,242.786163,1.00000002e+30,1.00000002e+30,466.128357,1.00000002e+30,1.00000002e+30,336.938721,1.00000002e+30,1.00000002e+30,1.00000002e+30,1.00000002e+30,120.181023,1.00000002e+30,1.00000002e+30,203.83577,1.00000002e+30,216.82341,1.00000002e+30
1.00000002e+30,1.00000002e+30,167.250275,1.00000002e+30,1.00000002e+30,115.156822,1.00000002e+30,162.649765,1.00000002e+30,1.00000002e+30,53.9264526,1.00000002e+30,1.00000002e+30,65.3222504,1.00000002e+30,125.480202,1.00000002e+30,1.00000002e+30,288.837616,1.00000002e+30,1.00000002e+30,149.968903,1.00000002e+30,158.205658,1.00000002e+30,1.00000002e+30,361.053223,1.00000002e+30,1.00000002e+30,206.186676,1.00000002e+30,445.214264,1.00000002e+30,1.00000002e+30,348.602631,1.00000002e+30,1.00000002e+30,642.351196,1.00000002e+30,258.921021,1.00000002e+30,1.00000002e+30,1.00000002e+30,1.00000002e+30,1.00000002e+30,417.228394,1.00000002e+30,247.032654,1.00000002e+30,1.00000002e+30,421.617493,1.00000002e+30,1.00000002e+30,338.578705,1.00000002e+30,300.319031,1.00000002e+30,1.00000002e+30,132.727661,1.00000002e+30,1.00000002e+30,236.029419,1.00000002e+30,304.844971
362.590179,1.00000002e+30,1.00000002e+30,244.22905,1.00000002e+30,1.00000002e+30,270.801208,1.00000002e+30,219.844604,1.00000002e+30,1.00000002e+30,48.3388367,1.00000002e+30,1.00000002e+30,57.9923248,1.00000002e+30,116.44677,1.00000002e+30,1.00000002e+30,233.485565,1.00000002e+30,1.00000002e+30,205.335449,1.00000002e+30,372.403137,1.00000002e+30,1.00000002e+30,525.208008,1.00000002e+30,1.00000002e+30,1.00000002e+30,1.00000002e+30,470.74292,1.00000002e+30,1.00000002e+30,1.00000002e+30,1.00000002e+30,1.00000002e+30,1.00000002e+30,1.00000002e+30,340.351501,1.00000002e+30,1.00000002e+30,1.00000002e+30,1.00000002e+30,1.00000002e+30,1.00000002e+30,1.00000002e+30,1.00000002e+30,1.00000002e+30,1.00000002e+30,480.897583,1.00000002e+30,1.00000002e+30,1.00000002e+30,1.00000002e+30,161.913956,1.00000002e+30,1.00000002e+30,117.154312,1.00000002e+30,1.00000002e+30,353.25473,1.00000002e+30
1.00000002e+30,261.980377,1.00000002e+30,1.00000002e+30,132.069962,1.00000002e+30,1.00000002e+30,207.890411,1.00000002e+30,215.387543,1.00000002e+30,1.00000002e+30,52.2071457,1.00000002e+30,1.00000002e+30,100.44751,1.00000002e+30,202.554596,1.00000002e+30,1.00000002e+30,119.333191,1.00000002e+30,1.00000002e+30,181.380157,1.00000002e+30,333.94577,1.00000002e+30,1.00000002e+30,185.054504,1.00000002e+30,1.00000002e+30,1.00000002e+30,1.00000002e+30,403.460999,1.00000002e+30,1.00000002e+30,1.00000002e+30,1.00000002e+30,1.00000002e+30,438.210083,1.00000002e+30,293.048126,1.00000002e+30,1.00000002e+30,472.949829,1.00000002e+30,1.00000002e+30,252.697113,1.00000002e+30,1.00000002e+30,1.00000002e+30,1.00000002e+30,450.119232,1.00000002e+30,1.00000002e+30,292.148163,1.00000002e+30,123.640434,1.00000002e+30,1.00000002e+30,236.01622,1.00000002e+30,1.00000002e+30,284.427551
287.060883,1.00000002e+30,170.483734,1.00000002e+30,1.00000002e+30,109.513557,1.00000002e+30,1.00000002e+30,224.722824,1.00000002e+30,49.6698685,1.00000002e+30,1.00000002e+30,33.4266434,1.00000002e+30,1.00000002e+30,90.5923538,1.00000002e+30,229.487366,1.00000002e+30,1.00000002e+30,102.258568,1.00000002e+30,1.00000002e+30,210.228271,1.00000002e+30,341.985474,1.00000002e+30,1.00000002e+30,162.246124,1.00000002e+30,1.00000002e+30,309.661041,1.00000002e+30,366.984589,1.00000002e+30,1.00000002e+30,1.00000002e+30,1.00000002e+30,1.00000002e+30,216.14505,1.00000002e+30,1.00000002e+30,1.00000002e+30,1.00000002e+30,463.358551,1.00000002e+30,1.00000002e+30,1.00000002e+30,1.00000002e+30,506.20813,1.00000002e+30,1.00000002e+30,378.506409,1.00000002e+30,1.00000002e+30,117.722443,1.00000002e+30,103.222366,1.00000002e+30,1.00000002e+30,195.875275,1.00000002e+30,1.00000002e+30
1.00000002e+30,214.579742,1.00000002e+30,153.391846,1.00000002e+30,1.00000002e+30,214.003998,1.00000002e+30,1.00000002e+30,218.409302,1.00000002e+30,48.9365196,1.00000002e+30,1.00000002e+30,34.6859093,1.00000002e+30,1.00000002e+30,177.767563,1.00000002e+30,82.4690018,1.00000002e+30,1.00000002e+30,103.839912,1.00000002e+30,1.00000002e+30,228.250046,1.00000002e+30,303.039673,1.00000002e+30,1.00000002e+30,418.33374,1.00000002e+30,1.00000002e+30,247.773132,1.00000002e+30,321.615723,1.00000002e+30,1.00000002e+30,328.755249,1.00000002e+30,1.00000002e+30,206.555283,1.00000002e+30,523.650635,1.00000002e+30,1.00000002e+30,258.750275,1.00000002e+30,1.00000002e+30,479.930023,1.00000002e+30,290.265808,1.00000002e+30,1.00000002e+30,1.00000002e+30,1.00000002e+30,1.00000002e+30,111.235939,1.00000002e+30,102.263214,1.00000002e+30,1.00000002e+30,186.578934,1.00000002e+30
1.00000002e+30,1.00000002e+30,190.299652,1.00000002e+30,143.130585,1.00000002e+30,1.00000002e+30,191.848831,1.00000002e+30,1.00000002e+30,68.4055252,1.00000002e+30,75.9275131,1.00000002e+30,1.00000002e+30,73.6788712,1.00000002e+30,1.00000002e+30,211.556824,1.00000002e+30,83.9489899,1.00000002e+30,1.00000002e+30,106.462563,1.00000002e+30,1.00000002e+30,298.299561,1.00000002e+30,152.476776,1.00000002e+30,1.00000002e+30,319.450592,1.00000002e+30,1.00000002e+30,271.968353,1.00000002e+30,654.595947,1.00000002e+30,1.00000002e+30,257.356445,1.00000002e+30,1.00000002e+30,499.037415,1.00000002e+30,323.732422,1.00000002e+30,1.00000002e+30,212.985031,1.00000002e+30,1.00000002e+30,379.598846,1.00000002e+30,308.962219,1.00000002e+30,1.00000002e+30,290.767853,1.00000002e+30,1.00000002e+30,107.702782,1.00000002e+30,173.672363,1.00000002e+30,1.00000002e+30,261.420227
308.480316,1.00000002e+30,1.00000002e+30,188.62471,1.00000002e+30,151.026581,1.00000002e+30,1.00000002e+30,272.800507,1.00000002e+30,1.00000002e+30,81.5247269,1.00000002e+30,83.3744202,1.00000002e+30,1.00000002e+30,95.0990677,1.00000002e+30,1.00000002e+30,82.9924164,1.00000002e+30,101.766968,1.00000002e+30,1.00000002e+30,197.879364,1.00000002e+30,1.00000002e+30,307.646667,1.00000002e+30,165.465347,1.00000002e+30,1.00000002e+30,260.389709,1.00000002e+30,1.00000002e+30,279.752808,1.00000002e+30,426.297699,1.00000002e+30,1.00000002e+30,237.451843,1.00000002e+30,1.00000002e+30,542.393921,1.00000002e+30,398.824402,1.00000002e+30,1.00000002e+30,530.170654,1.00000002e+30,1.00000002e+30,302.096375,1.00000002e+30,312.349609,1.00000002e+30,1.00000002e+30,146.459564,1.00000002e+30,1.00000002e+30,121.224571,1.00000002e+30,208.122223,1.00000002e+30,1.00000002e+30
1.00000002e+30,251.440933,1.00000002e+30,1.00000002e+30,161.939316,1.00000002e+30,256.166138,1.00000002e+30,1.00000002e+30,248.71022,1.00000002e+30,1.00000002e+30,103.823067,1.00000002e+30,64.6310806,1.00000002e+30,1.00000002e+30,167.67804,1.00000002e+30,1.00000002e+30,71.9033356,1.00000002e+30,90.4625778,1.00000002e+30,1.00000002e+30,206.201141,1.00000002e+30,1.00000002e+30,143.50322,1.00000002e+30,269.691406,1.00000002e+30,1.00000002e+30,232.159805,1.00000002e+30,1.00000002e+30,512.033936,1.00000002e+30,266.285187,1.00000002e+30,1.00000002e+30,212.589066,1.00000002e+30,1.00000002e+30,325.058716,1.00000002e+30,223.633057,1.00000002e+30,1.00000002e+30,336.002014,1.00000002e+30,1.00000002e+30,306.392181,1.00000002e+30,692.170959,1.00000002e+30,1.00000002e+30,123.392548,1.00000002e+30,1.00000002e+30,175.864868,1.00000002e+30,184.166321,1.00000002e+30
1.00000002e+30,1.00000002e+30,346.682526,1.00000002e+30,1.00000002e+30,153.703934,1.00000002e+30,347.906494,1.00000002e+30,1.00000002e+30,96.5632401,1.00000002e+30,1.00000002e+30,92.6881409,1.00000002e+30,98.2396622,1.00000002e+30,1.00000002e+30,186.270676,1.00000002e+30,1.00000002e+30,76.5256042,1.00000002e+30,120.151375,1.00000002e+30,1.00000002e+30,339.332214,1.00000002e+30,1.00000002e+30,155.832504,1.00000002e+30,1.00000002e+30,1.00000002e+30,1.00000002e+30,383.010468,1.00000002e+30,1.00000002e+30,1.00000002e+30,1.00000002e+30,1.00000002e+30,1.00000002e+30,1.00000002e+30,1.00000002e+30,1.00000002e+30,1.00000002e+30,528.504089,1.00000002e+30,239.123276,1.00000002e+30,1.00000002e+30,1.00000002e+30,1.00000002e+30,1.00000002e+30,428.155945,1.00000002e+30,314.96344,1.00000002e+30,1.00000002e+30,167.598511,1.00000002e+30,1.00000002e+30,250.008789,1.00000002e+30,259.251587
468.927887,1.00000002e+30,1.00000002e+30,277.738251,1.00000002e+30,1.00000002e+30,376.990784,1.00000002e+30,290.897705,1.00000002e+30,1.00000002e+30,92.9763718,1.00000002e+30,1.00000002e+30,86.3989792,1.00000002e+30,98.4255829,1.00000002e+30,1.00000002e+30,47.2367439,1.00000002e+30,1.00000002e+30,81.6137619,1.00000002e+30,155.614227,1.00000002e+30,1.00000002e+30,306.542145,1.00000002e+30,1.00000002e+30,380.829559,1.00000002e+30,234.923874,1.00000002e+30,1.00000002e+30,344.154724,1.00000002e+30,1.00000002e+30,426.826447,1.00000002e+30,243.966827,1.00000002e+30,1.00000002e+30,1.00000002e+30,1.00000002e+30,1.00000002e+30,324.987762,1.00000002e+30,1.00000002e+30,1.00000002e+30,1.00000002e+30,322.012634,1.00000002e+30,1.00000002e+30,1.00000002e+30,1.00000002e+30,150.269318,1.00000002e+30,1.00000002e+30,116.020638,1.00000002e+30,1.00000002e+30,203.470642,1.00000002e+30
1.00000002e+30,318.412476,1.00000002e+30,1.00000002e+30,173.003967,1.00000002e+30,1.00000002e+30,264.167908,1.00000002e+30,261.883972,1.00000002e+30,1.00000002e+30,128.693756,1.00000002e+30,1.00000002e+30,100.929077,1.00000002e+30,162.609879,1.00000002e+30,1.00000002e+30,37.3090668,1.00000002e+30,1.00000002e+30,69.8735504,1.00000002e+30,167.068802,1.00000002e+30,1.00000002e+30,112.912743,1.00000002e+30,1.00000002e+30,285.216919,1.00000002e+30,199.407532,1.00000002e+30,1.00000002e+30,577.848999,1.00000002e+30,1.00000002e+30,335.446136,1.00000002e+30,203.495392,1.00000002e+30,1.00000002e+30,333.488098,1.00000002e+30,1.00000002e+30,198.365311,1.00000002e+30,444.898285,1.00000002e+30,1.00000002e+30,286.544617,1.00000002e+30,1.00000002e+30,311.544495,1.00000002e+30,123.118408,1.00000002e+30,1.00000002e+30,169.03981,1.00000002e+30,1.00000002e+30,243.27623
393.401276,1.00000002e+30,239.394104,1.00000002e+30,1.00000002e+30,163.071793,1.00000002e+30,1.00000002e+30,295.818176,1.00000002e+30,107.598152,1.00000002e+30,1.00000002e+30,112.223495,1.00000002e+30,1.00000002e+30,99.5648804,1.00000002e+30,174.797729,1.00000002e+30,1.00000002e+30,44.4466667,1.00000002e+30,1.00000002e+30,120.380928,1.00000002e+30,244.552856,1.00000002e+30,1.00000002e+30,113.717644,1.00000002e+30,1.00000002e+30,197.638214,1.00000002e+30,227.865082,1.00000002e+30,1.00000002e+30,319.486725,1.00000002e+30,1.00000002e+30,220.698059,1.00000002e+30,509.272461,1.00000002e+30,1.00000002e+30,372.208008,1.00000002e+30,1.00000002e+30,453.467407,1.00000002e+30,350.08136,1.00000002e+30,1.00000002e+30,275.995117,1.00000002e+30,1.00000002e+30,147.865707,1.00000002e+30,116.745934,1.00000002e+30,1.00000002e+30,186.340469,1.00000002e+30,1.00000002e+30
1.00000002e+30,310.727875,1.00000002e+30,232.177017,1.00000002e+30,1.00000002e+30,324.302307,1.00000002e+30,1.00000002e+30,297.106293,1.00000002e+30,117.310898,1.00000002e+30,1.00000002e+30,117.174507,1.00000002e+30,1.00000002e+30,194.563324,1.00000002e+30,42.6652298,1.00000002e+30,1.00000002e+30,66.5059509,1.00000002e+30,1.00000002e+30,167.485809,1.00000002e+30,259.40918,1.00000002e+30,1.00000002e+30,221.926468,1.00000002e+30,1.00000002e+30,204.014557,1.00000002e+30,239.035019,1.00000002e+30,1.00000002e+30,286.201782,1.00000002e+30,1.00000002e+30,224.98111,1.00000002e+30,583.24353,1.00000002e+30,1.00000002e+30,227.032013,1.00000002e+30,1.00000002e+30,362.038635,1.00000002e+30,279.811584,1.00000002e+30,1.00000002e+30,1.00000002e+30,1.00000002e+30,1.00000002e+30,151.451126,1.00000002e+30,127.894127,1.00000002e+30,1.00000002e+30,190.778687,1.00000002e+30
1.00000002e+30,1.00000002e+30,261.476257,1.00000002e+30,201.219894,1.00000002e+30,1.00000002e+30,272.951538,1.00000002e+30,1.00000002e+30,126.395538,1.00000002e+30,170.793198,1.00000002e+30,1.00000002e+30,131.053925,1.00000002e+30,1.00000002e+30,200.80307,1.00000002e+30,29.8936234,1.00000002e+30,1.00000002e+30,58.500061,1.00000002e+30,1.00000002e+30,232.429565,1.00000002e+30,99.5118713,1.00000002e+30,1.00000002e+30,189.542816,1.00000002e+30,1.00000002e+30,218.891556,1.00000002e+30,440.056335,1.00000002e+30,1.00000002e+30,248.723999,1.00000002e+30,1.00000002e+30,406.370392,1.00000002e+30,318.913788,1.00000002e+30,1.00000002e+30,202.313919,1.00000002e+30,1.00000002e+30,285.037598,1.00000002e+30,285.406921,1.00000002e+30,1.00000002e+30,339.092316,1.00000002e+30,1.00000002e+30,128.952698,1.00000002e+30,187.278839,1.00000002e+30,1.00000002e+30,249.598846
1.00000002e+30,1.00000002e+30,1.00000002e+30,426.135376,1.00000002e+30,237.918762,1.00000002e+30,1.00000002e+30,368.788086,1.00000002e+30,1.00000002e+30,190.615082,1.00000002e+30,179.711761,1.00000002e+30,1.00000002e+30,127.51268,1.00000002e+30,1.00000002e+30,62.3972473,1.00000002e+30,34.7159729,1.00000002e+30,1.00000002e+30,93.6202087,1.00000002e+30,1.00000002e+30,297.642334,1.00000002e+30,102.000626,1.00000002e+30,1.00000002e+30,215.110397,1.00000002e+30,1.00000002e+30,349.595001,1.00000002e+30,452.026245,1.00000002e+30,1.00000002e+30,327.071716,1.00000002e+30,1.00000002e+30,1.00000002e+30,1.00000002e+30,535.375488,1.00000002e+30,1.00000002e+30,1.00000002e+30,1.00000002e+30,1.00000002e+30,362.701691,1.00000002e+30,408.370483,1.00000002e+30,1.00000002e+30,234.317551,1.00000002e+30,1.00000002e+30,124.171638,1.00000002e+30,285.245239,1.00000002e+30,1.00000002e+30
1.00000002e+30,509.000061,1.00000002e+30,1.00000002e+30,220.031006,1.00000002e+30,541.668152,1.00000002e+30,1.00000002e+30,312.445404,1.00000002e+30,1.00000002e+30,198.87944,1.00000002e+30,135.2034,1.00000002e+30,1.00000002e+30,205.757156,1.00000002e+30,1.00000002e+30,47.1006699,1.00000002e+30,41.3391495,1.00000002e+30,1.00000002e+30,130.875031,1.00000002e+30,1.00000002e+30,90.6173859,1.00000002e+30,247.588135,1.00000002e+30,1.00000002e+30,175.466537,1.00000002e+30,1.00000002e+30,540.350098,1.00000002e+30,475.224487,1.00000002e+30,1.00000002e+30,275.775208,1.00000002e+30,1.00000002e+30,421.500671,1.00000002e+30,331.199982,1.00000002e+30,1.00000002e+30,506.188385,1.00000002e+30,1.00000002e+30,339.562286,1.00000002e+30,1.00000002e+30,1.00000002e+30,1.00000002e+30,178.486053,1.00000002e+30,1.00000002e+30,237.362335,1.00000002e+30,231.555176,1.00000002e+30
1.00000002e+30,1.00000002e+30,397.260956,1.00000002e+30,1.00000002e+30,207.271301,1.00000002e+30,421.429382,1.00000002e+30,1.00000002e+30,154.597977,1.00000002e+30,1.00000002e+30,173.53479,1.00000002e+30,161.303299,1.00000002e+30,1.00000002e+30,242.184296,1.00000002e+30,1.00000002e+30,47.1196823,1.00000002e+30,48.7625885,1.00000002e+30,1.00000002e+30,214.444183,1.00000002e+30,1.00000002e+30,94.2229004,1.00000002e+30,193.56897,1.00000002e+30,1.00000002e+30,205.447571,1.00000002e+30,1.00000002e+30,302.407257,1.00000002e+30,395.480957,1.00000002e+30,1.00000002e+30,1.00000002e+30,1.00000002e+30,1.00000002e+30,428.78186,1.00000002e+30,208.220871,1.00000002e+30,1.00000002e+30,413.397247,1.00000002e+30,1.00000002e+30,291.168152,1.00000002e+30,368.954834,1.00000002e+30,1.00000002e+30,149.513947,1.00000002e+30,1.00000002e+30,215.408875,1.00000002e+30,261.479523
558.123413,1.00000002e+30,1.00000002e+30,294.115356,1.00000002e+30,1.00000002e+30,466.132538,1.00000002e+30,344.893677,1.00000002e+30,1.00000002e+30,129.330658,1.00000002e+30,1.00000002e+30,140.09639,1.00000002e+30,138.464767,1.00000002e+30,1.00000002e+30,67.9449463,1.00000002e+30,1.00000002e+30,31.5232582,1.00000002e+30,51.7526741,1.00000002e+30,1.00000002e+30,201.665222,1.00000002e+30,1.00000002e+30,144.338516,1.00000002e+30,143.867111,1.00000002e+30,1.00000002e+30,187.284363,1.00000002e+30,1.00000002e+30,365.05072,1.00000002e+30,229.650604,1.00000002e+30,1.00000002e+30,500.165527,1.00000002e+30,1.00000002e+30,206.764481,1.00000002e+30,447.331085,1.00000002e+30,1.00000002e+30,249.313492,1.00000002e+30,1.00000002e+30,1.00000002e+30,1.00000002e+30,182.021866,1.00000002e+30,1.00000002e+30,126.135551,1.00000002e+30,1.00000002e+30,184.034851,1.00000002e+30
1.00000002e+30,495.744263,1.00000002e+30,1.00000002e+30,246.098251,1.00000002e+30,1.00000002e+30,398.481323,1.00000002e+30,340.638855,1.00000002e+30,1.00000002e+30,238.875137,1.00000002e+30,1.00000002e+30,179.346527,1.00000002e+30,229.997726,1.00000002e+30,1.00000002e+30,76.916687,1.00000002e+30,1.00000002e+30,49.4297523,1.00000002e+30,108.37616,1.00000002e+30,1.00000002e+30,75.2511902,1.00000002e+30,1.00000002e+30,150.759979,1.00000002e+30,155.75708,1.00000002e+30,1.00000002e+30,392.286255,1.00000002e+30,1.00000002e+30,354.436096,1.00000002e+30,232.34758,1.00000002e+30,1.00000002e+30,334.15152,1.00000002e+30,1.00000002e+30,211.122269,1.00000002e+30,373.343994,1.00000002e+30,1.00000002e+30,285.337524,1.00000002e+30,1.00000002e+30,387.647003,1.00000002e+30,181.011414,1.00000002e+30,1.00000002e+30,228.967407,1.00000002e+30,1.00000002e+30,270.014954
499.747803,1.00000002e+30,310.573914,1.00000002e+30,1.00000002e+30,216.642181,1.00000002e+30,1.00000002e+30,366.97168,1.00000002e+30,165.655273,1.00000002e+30,1.00000002e+30,193.207962,1.00000002e+30,1.00000002e+30,157.230804,1.00000002e+30,266.921448,1.00000002e+30,1.00000002e+30,58.8029861,1.00000002e+30,1.00000002e+30,46.0579567,1.00000002e+30,180.149033,1.00000002e+30,1.00000002e+30,65.5093689,1.00000002e+30,1.00000002e+30,131.710434,1.00000002e+30,174.883484,1.00000002e+30,1.00000002e+30,207.886505,1.00000002e+30,1.00000002e+30,240.009171,1.00000002e+30,457.39917,1.00000002e+30,1.00000002e+30,377.654846,1.00000002e+30,1.00000002e+30,351.673859,1.00000002e+30,273.337921,1.00000002e+30,1.00000002e+30,260.54425,1.00000002e+30,1.00000002e+30,200.707291,1.00000002e+30,154.901184,1.00000002e+30,1.00000002e+30,222.446976,1.00000002e+30,1.00000002e+30
1.00000002e+30,1.00000002e+30,1.00000002e+30,1.00000002e+30,1.00000002e+30,1.00000002e+30,1.00000002e+30,1.00000002e+30,1.00000002e+30,455.05011,1.00000002e+30,282.986145,1.00000002e+30,1.00000002e+30,282.693848,1.00000002e+30,1.00000002e+30,232.628418,1.00000002e+30,199.908691,1.00000002e+30,1.00000002e+30,57.6132393,1.00000002e+30,1.00000002e+30,85.274498,1.00000002e+30,221.028458,1.00000002e+30,1.00000002e+30,193.968384,1.00000002e+30,1.00000002e+30,166.479263,1.00000002e+30,288.289551,1.00000002e+30,1.00000002e+30,1.00000002e+30,1.00000002e+30,1.00000002e+30,366.627838,1.00000002e+30,1.00000002e+30,1.00000002e+30,1.00000002e+30,406.511536,1.00000002e+30,1.00000002e+30,1.00000002e+30,1.00000002e+30,359.469269,1.00000002e+30,1.00000002e+30,1.00000002e+30,1.00000002e+30,1.00000002e+30,308.075989,1.00000002e+30,147.183456,1.00000002e+30,1.00000002e+30,345.123474,1.00000002e+30
1.00000002e+30,1.00000002e+30,1.00000002e+30,1.00000002e+30,309.211853,1.00000002e+30,1.00000002e+30,1.00000002e+30,1.00000002e+30,1.00000002e+30,249.829803,1.00000002e+30,360.20459,1.00000002e+30,1.00000002e+30,262.414886,1.00000002e+30,1.00000002e+30,348.881409,1.00000002e+30,94.6954269,1.00000002e+30,1.00000002e+30,57.7697525,1.00000002e+30,1.00000002e+30,171.619751,1.00000002e+30,47.470459,1.00000002e+30,1.00000002e+30,160.142761,1.00000002e+30,1.00000002e+30,176.607758,1.00000002e+30,407.057526,1.00000002e+30,1.00000002e+30,1.00000002e+30,1.00000002e+30,1.00000002e+30,1.00000002e+30,1.00000002e+30,458.755127,1.00000002e+30,1.00000002e+30,205.36409,1.00000002e+30,1.00000002e+30,474.317627,1.00000002e+30,336.820709,1.00000002e+30,1.00000002e+30,493.11377,1.00000002e+30,1.00000002e+30,255.320892,1.00000002e+30,349.295593,1.00000002e+30,1.00000002e+30,274.363312
1.00000002e+30,1.00000002e+30,1.00000002e+30,459.667297,1.00000002e+30,247.868774,1.00000002e+30,1.00000002e+30,419.330566,1.00000002e+30,1.00000002e+30,200.500732,1.00000002e+30,253.081223,1.00000002e+30,1.00000002e+30,185.402679,1.00000002e+30,1.00000002e+30,133.103561,1.00000002e+30,88.7654724,1.00000002e+30,1.00000002e+30,78.5035095,1.00000002e+30,1.00000002e+30,178.830719,1.00000002e+30,54.2775497,1.00000002e+30,1.00000002e+30,113.578659,1.00000002e+30,1.00000002e+30,167.760452,1.00000002e+30,193.569489,1.00000002e+30,1.00000002e+30,278.419861,1.00000002e+30,1.00000002e+30,1.00000002e+30,1.00000002e+30,461.742767,1.00000002e+30,1.00000002e+30,539.59729,1.00000002e+30,1.00000002e+30,257.208801,1.00000002e+30,288.804138,1.00000002e+30,1.00000002e+30,255.841675,1.00000002e+30,1.00000002e+30,161.990479,1.00000002e+30,289.174286,1.00000002e+30,1.00000002e+30
1.00000002e+30,582.593811,1.00000002e+30,1.00000002e+30,278.128021,1.00000002e+30,647.984619,1.00000002e+30,1.00000002e+30,376.217041,1.00000002e+30,1.00000002e+30,301.798096,1.00000002e+30,206.275436,1.00000002e+30,1.00000002e+30,259.100403,1.00000002e+30,1.00000002e+30,116.65844,1.00000002e+30,85.3758698,1.00000002e+30,1.00000002e+30,108.595749,1.00000002e+30,1.00000002e+30,39.9881516,1.00000002e+30,90.7615204,1.00000002e+30,1.00000002e+30,115.02494,1.00000002e+30,1.00000002e+30,331.799866,1.00000002e+30,453.254303,1.00000002e+30,1.00000002e+30,242.921707,1.00000002e+30,1.00000002e+30,362.41391,1.00000002e+30,253.519058,1.00000002e+30,1.00000002e+30,409.243744,1.00000002e+30,1.00000002e+30,278.013489,1.00000002e+30,1.00000002e+30,1.00000002e+30,1.00000002e+30,209.596619,1.00000002e+30,1.00000002e+30,279.211884,1.00000002e+30,230.065201,1.00000002e+30
1.00000002e+30,1.00000002e+30,1.00000002e+30,1.00000002e+30,1.00000002e+30,258.694824,1.00000002e+30,1.00000002e+30,1.00000002e+30,1.00000002e+30,210.523743,1.00000002e+30,1.00000002e+30,252.45491,1.00000002e+30,222.831085,1.00000002e+30,1.00000002e+30,334.859192,1.00000002e+30,1.00000002e+30,106.722008,1.00000002e+30,81.5960999,1.00000002e+30,1.00000002e+30,184.754578,1.00000002e+30,1.00000002e+30,45.3287544,1.00000002e+30,90.3603592,1.00000002e+30,1.00000002e+30,150.513763,1.00000002e+30,1.00000002e+30,169.066055,1.00000002e+30,512.584534,1.00000002e+30,1.00000002e+30,1.00000002e+30,1.00000002e+30,1.00000002e+30,397.968536,1.00000002e+30,214.395432,1.00000002e+30,1.00000002e+30,375.868347,1.00000002e+30,1.00000002e+30,265.874756,1.00000002e+30,436.017883,1.00000002e+30,1.00000002e+30,193.162399,1.00000002e+30,1.00000002e+30,267.594971,1.00000002e+30,294.546326
664.47229,1.00000002e+30,1.00000002e+30,327.6492,1.00000002e+30,1.00000002e+30,572.454163,1.00000002e+30,416.06015,1.00000002e+30,1.00000002e+30,182.881546,1.00000002e+30,1.00000002e+30,211.194061,1.00000002e+30,196.440125,1.00000002e+30,1.00000002e+30,148.558578,1.00000002e+30,1.00000002e+30,86.8957443,1.00000002e+30,102.219086,1.00000002e+30,1.00000002e+30,170.168594,1.00000002e+30,1.00000002e+30,56.8653336,1.00000002e+30,78.5769882,1.00000002e+30,1.00000002e+30,138.977005,1.00000002e+30,1.00000002e+30,349.436493,1.00000002e+30,258.109283,1.00000002e+30,1.00000002e+30,464.499512,1.00000002e+30,1.00000002e+30,219.935318,1.00000002e+30,373.804535,1.00000002e+30,1.00000002e+30,247.968353,1.00000002e+30,1.00000002e+30,579.564514,1.00000002e+30,242.377777,1.00000002e+30,1.00000002e+30,167.896515,1.00000002e+30,1.00000002e+30,230.566177,1.00000002e+30
1.00000002e+30,465.598419,1.00000002e+30,1.00000002e+30,289.196289,1.00000002e+30,1.00000002e+30,411.273438,1.00000002e+30,389.416107,1.00000002e+30,1.00000002e+30,319.16098,1.00000002e+30,1.00000002e+30,228.0522,1.00000002e+30,268.439697,1.00000002e+30,1.00000002e+30,132.520401,1.00000002e+30,1.00000002e+30,84.117897,1.00000002e+30,126.787788,1.00000002e+30,1.00000002e+30,25.8732452,1.00000002e+30,1.00000002e+30,61.6895332,1.00000002e+30,82.6888885,1.00000002e+30,1.00000002e+30,287.495392,1.00000002e+30,1.00000002e+30,292.540314,1.00000002e+30,242.994629,1.00000002e+30,1.00000002e+30,344.08667,1.00000002e+30,1.00000002e+30,207.872345,1.00000002e+30,311.215271,1.00000002e+30,1.00000002e+30,268.333557,1.00000002e+30,1.00000002e+30,443.560455,1.00000002e+30,219.764954,1.00000002e+30,1.00000002e+30,286.843536,1.00000002e+30,1.00000002e+30,295.634369
1.00000002e+30,1.00000002e+30,1.00000002e+30,1.00000002e+30,1.00000002e+30,381.53479,1.00000002e+30,1.00000002e+30,578.375793,1.00000002e+30,350.065033,1.00000002e+30,1.00000002e+30,426.455933,1.00000002e+30,1.00000002e+30,215.237015,1.00000002e+30,513.215759,1.00000002e+30,1.00000002e+30,121.957481,1.00000002e+30,1.00000002e+30,129.98468,1.00000002e+30,201.018326,1.00000002e+30,1.00000002e+30,29.318737,1.00000002e+30,1.00000002e+30,67.1111526,1.00000002e+30,122.386612,1.00000002e+30,1.00000002e+30,159.918152,1.00000002e+30,1.00000002e+30,386.626617,1.00000002e+30,1.00000002e+30,1.00000002e+30,1.00000002e+30,559.339661,1.00000002e+30,1.00000002e+30,1.00000002e+30,1.00000002e+30,1.00000002e+30,1.00000002e+30,1.00000002e+30,355.246948,1.00000002e+30,1.00000002e+30,404.230347,1.00000002e+30,342.41095,1.00000002e+30,1.00000002e+30,440.122498,1.00000002e+30,1.00000002e+30
1.00000002e+30,1.00000002e+30,1.00000002e+30,1.00000002e+30,1.00000002e+30,1.00000002e+30,1.00000002e+30,1.00000002e+30,1.00000002e+30,488.557983,1.00000002e+30,292.906494,1.00000002e+30,1.00000002e+30,333.15506,1.00000002e+30,1.00000002e+30,286.105042,1.00000002e+30,272.88208,1.00000002e+30,1.00000002e+30,114.987381,1.00000002e+30,1.00000002e+30,150.987213,1.00000002e+30,198.112915,1.00000002e+30,1.00000002e+30,42.7443161,1.00000002e+30,1.00000002e+30,72.8828888,1.00000002e+30,127.488373,1.00000002e+30,1.00000002e+30,1.00000002e+30,1.00000002e+30,1.00000002e+30,325.368774,1.00000002e+30,1.00000002e+30,1.00000002e+30,1.00000002e+30,347.070984,1.00000002e+30,1.00000002e+30,499.155914,1.00000002e+30,271.937103,1.00000002e+30,1.00000002e+30,1.00000002e+30,1.00000002e+30,1.00000002e+30,323.982025,1.00000002e+30,191.702942,1.00000002e+30,1.00000002e+30,357.641602,1.00000002e+30
1.00000002e+30,1.00000002e+30,606.905762,1.00000002e+30,329.606171,1.00000002e+30,1.00000002e+30,1.00000002e+30,1.00000002e+30,1.00000002e+30,270.195923,1.00000002e+30,466.456055,1.00000002e+30,1.00000002e+30,295.824005,1.00000002e+30,1.00000002e+30,454.764526,1.00000002e+30,165.57399,1.00000002e+30,1.00000002e+30,110.502213,1.00000002e+30,1.00000002e+30,222.690063,1.00000002e+30,50.793644,1.00000002e+30,1.00000002e+30,47.2060814,1.00000002e+30,1.00000002e+30,113.875816,1.00000002e+30,260.577759,1.00000002e+30,1.00000002e+30,481.478516,1.00000002e+30,1.00000002e+30,1.00000002e+30,1.00000002e+30,424.925171,1.00000002e+30,1.00000002e+30,222.011475,1.00000002e+30,1.00000002e+30,399.885803,1.00000002e+30,277.961304,1.00000002e+30,1.00000002e+30,549.239746,1.00000002e+30,1.00000002e+30,259.336029,1.00000002e+30,418.894684,1.00000002e+30,1.00000002e+30,321.062561
1.00000002e+30,1.00000002e+30,1.00000002e+30,1.00000002e+30,1.00000002e+30,311.739258,1.00000002e+30,1.00000002e+30,486.262238,1.00000002e+30,1.00000002e+30,242.077286,1.00000002e+30,376.074768,1.00000002e+30,1.00000002e+30,258.437622,1.00000002e+30,1.00000002e+30,224.893097,1.00000002e+30,167.238159,1.00000002e+30,1.00000002e+30,186.870285,1.00000002e+30,1.00000002e+30,232.883835,1.00000002e+30,66.1185074,1.00000002e+30,1.00000002e+30,68.3974686,1.00000002e+30,1.00000002e+30,135.016602,1.00000002e+30,125.461517,1.00000002e+30,1.00000002e+30,306.413879,1.00000002e+30,1.00000002e+30,1.00000002e+30,1.00000002e+30,438.207275,1.00000002e+30,1.00000002e+30,1.00000002e+30,1.00000002e+30,1.00000002e+30,281.381622,1.00000002e+30,282.069977,1.00000002e+30,1.00000002e+30,308.424225,1.00000002e+30,1.00000002e+30,222.885361,1.00000002e+30,378.700439,1.00000002e+30,1.00000002e+30
1.00000002e+30,639.0401,1.00000002e+30,1.00000002e+30,319.077332,1.00000002e+30,1.00000002e+30,1.00000002e+30,1.00000002e+30,422.850281,1.00000002e+30,1.00000002e+30,390.914856,1.00000002e+30,260.263184,1.00000002e+30,1.00000002e+30,295.458649,1.00000002e+30,1.00000002e+30,170.472763,1.00000002e+30,125.979134,1.00000002e+30,1.00000002e+30,170.397156,1.00000002e+30,1.00000002e+30,51.9138451,1.00000002e+30,54.3625603,1.00000002e+30,1.00000002e+30,43.1773682,1.00000002e+30,1.00000002e+30,225.774933,1.00000002e+30,436.227386,1.00000002e+30,1.00000002e+30,257.112366,1.00000002e+30,1.00000002e+30,360.624329,1.00000002e+30,234.576019,1.00000002e+30,1.00000002e+30,339.877106,1.00000002e+30,1.00000002e+30,268.395813,1.00000002e+30,598.032959,1.00000002e+30,1.00000002e+30,249.378296,1.00000002e+30,1.00000002e+30,337.33075,1.00000002e+30,270.295532,1.00000002e+30
1.00000002e+30,1.00000002e+30,481.28244,1.00000002e+30,1.00000002e+30,297.270996,1.00000002e+30,551.420776,1.00000002e+30,1.00000002e+30,253.612152,1.00000002e+30,1.00000002e+30,318.570496,1.00000002e+30,271.579529,1.00000002e+30,1.00000002e+30,415.056946,1.00000002e+30,1.00000002e+30,155.2892,1.00000002e+30,119.792984,1.00000002e+30,1.00000002e+30,238.346832,1.00000002e+30,1.00000002e+30,50.9987602,1.00000002e+30,49.8802223,1.00000002e+30,1.00000002e+30,85.3736115,1.00000002e+30,1.00000002e+30,79.0523758,1.00000002e+30,334.227722,1.00000002e+30,1.00000002e+30,594.434265,1.00000002e+30,1.00000002e+30,412.915131,1.00000002e+30,220.556946,1.00000002e+30,1.00000002e+30,286.798828,1.00000002e+30,1.00000002e+30,257.058075,1.00000002e+30,495.380676,1.00000002e+30,1.00000002e+30,229.830963,1.00000002e+30,1.00000002e+30,320.977081,1.00000002e+30,330.474792
1.00000002e+30,1.00000002e+30,1.00000002e+30,1.00000002e+30,1.00000002e+30,1.00000002e+30,1.00000002e+30,1.00000002e+30,1.00000002e+30,1.00000002e+30,1.00000002e+30,426.56131,1.00000002e+30,1.00000002e+30,1.00000002e+30,1.00000002e+30,304.277283,1.00000002e+30,1.00000002e+30,1.00000002e+30,1.00000002e+30,1.00000002e+30,210.132721,1.00000002e+30,252.191956,1.00000002e+30,1.00000002e+30,292.930756,1.00000002e+30,1.00000002e+30,97.9502487,1.00000002e+30,48.5883713,1.00000002e+30,1.00000002e+30,103.358406,1.00000002e+30,1.00000002e+30,1.00000002e+30,1.00000002e+30,456.908966,1.00000002e+30,1.00000002e+30,1.00000002e+30,1.00000002e+30,1.00000002e+30,449.995422,1.00000002e+30,1.00000002e+30,1.00000002e+30,1.00000002e+30,361.763092,1.00000002e+30,1.00000002e+30,1.00000002e+30,1.00000002e+30,1.00000002e+30,1.00000002e+30,1.00000002e+30,264.818298,1.00000002e+30,1.00000002e+30,1.00000002e+30,1.00000002e+30
1.00000002e+30,445.640076,1.00000002e+30,1.00000002e+30,211.944809,1.00000002e+30,1.00000002e+30,496.465942,1.00000002e+30,373.092224,1.00000002e+30,1.00000002e+30,409.215851,1.00000002e+30,1.00000002e+30,365.250519,1.00000002e+30,316.732727,1.00000002e+30,1.00000002e+30,303.782501,1.00000002e+30,1.00000002e+30,327.357239,1.00000002e+30,565.512573,1.00000002e+30,1.00000002e+30,312.461853,1.00000002e+30,1.00000002e+30,1.00000002e+30,1.00000002e+30,521.566589,1.00000002e+30,1.00000002e+30,1.00000002e+30,1.00000002e+30,1.00000002e+30,70.177887,1.00000002e+30,85.8006058,1.00000002e+30,1.00000002e+30,187.614838,1.00000002e+30,1.00000002e+30,130.965317,1.00000002e+30,323.836609,1.00000002e+30,1.00000002e+30,260.119263,1.00000002e+30,1.00000002e+30,722.416138,1.00000002e+30,478.12738,1.00000002e+30,1.00000002e+30,1.00000002e+30,1.00000002e+30,1.00000002e+30,569.003296
504.791992,1.00000002e+30,345.272797,1.00000002e+30,1.00000002e+30,201.17215,1.00000002e+30,1.00000002e+30,369.631927,1.00000002e+30,185.319382,1.00000002e+30,1.00000002e+30,300.962738,1.00000002e+30,1.00000002e+30,242.831802,1.00000002e+30,608.102966,1.00000002e+30,1.00000002e+30,239.073242,1.00000002e+30,1.00000002e+30,520.859985,1.00000002e+30,550.697083,1.00000002e+30,1.00000002e+30,261.07489,1.00000002e+30,1.00000002e+30,473.90802,1.00000002e+30,485.062134,1.00000002e+30,1.00000002e+30,1.00000002e+30,1.00000002e+30,1.00000002e+30,74.6847992,1.00000002e+30,143.897034,1.00000002e+30,1.00000002e+30,265.272095,1.00000002e+30,1.00000002e+30,250.182892,1.00000002e+30,262.3367,1.00000002e+30,1.00000002e+30,240.525253,1.00000002e+30,1.00000002e+30,458.225586,1.00000002e+30,406.238464,1.00000002e+30,1.00000002e+30,1.00000002e+30,1.00000002e+30,1.00000002e+30
1.00000002e+30,474.546814,1.00000002e+30,332.650879,1.00000002e+30,1.00000002e+30,1.00000002e+30,1.00000002e+30,1.00000002e+30,366.548828,1.00000002e+30,192.030289,1.00000002e+30,1.00000002e+30,252.776779,1.00000002e+30,1.00000002e+30,330.691498,1.00000002e+30,1.00000002e+30,1.00000002e+30,1.00000002e+30,235.393158,1.00000002e+30,1.00000002e+30,581.807373,1.00000002e+30,1.00000002e+30,1.00000002e+30,1.00000002e+30,1.00000002e+30,1.00000002e+30,1.00000002e+30,525.063477,1.00000002e+30,1.00000002e+30,1.00000002e+30,1.00000002e+30,74.1529694,1.00000002e+30,1.00000002e+30,94.6824799,1.00000002e+30,188.015503,1.00000002e+30,1.00000002e+30,133.682541,1.00000002e+30,1.00000002e+30,228.977905,1.00000002e+30,218.278564,1.00000002e+30,1.00000002e+30,1.00000002e+30,1.00000002e+30,1.00000002e+30,518.88562,1.00000002e+30,283.147736,1.00000002e+30,1.00000002e+30,1.00000002e+30,1.00000002e+30
1.00000002e+30,1.00000002e+30,283.194061,1.00000002e+30,229.225677,1.00000002e+30,1.00000002e+30,354.847321,1.00000002e+30,1.00000002e+30,192.662903,1.00000002e+30,305.614136,1.00000002e+30,1.00000002e+30,256.986084,1.00000002e+30,1.00000002e+30,483.676575,1.00000002e+30,244.785828,1.00000002e+30,1.00000002e+30,212.508743,1.00000002e+30,1.00000002e+30,420.636353,1.00000002e+30,246.012726,1.00000002e+30,1.00000002e+30,528.599731,1.00000002e+30,1.00000002e+30,353.673157,1.00000002e+30,845.398071,1.00000002e+30,1.00000002e+30,63.0110168,1.00000002e+30,1.00000002e+30,128.456039,1.00000002e+30,170.875061,1.00000002e+30,1.00000002e+30,119.829285,1.00000002e+30,1.00000002e+30,201.054581,1.00000002e+30,232.367844,1.00000002e+30,1.00000002e+30,562.319458,1.00000002e+30,1.00000002e+30,295.896881,1.00000002e+30,627.053101,1.00000002e+30,1.00000002e+30,452.440277
403.739014,1.00000002e+30,1.00000002e+30,241.881363,1.00000002e+30,200.211487,1.00000002e+30,1.00000002e+30,367.865997,1.00000002e+30,1.00000002e+30,166.750977,1.00000002e+30,251.598938,1.00000002e+30,1.00000002e+30,229.097946,1.00000002e+30,1.00000002e+30,249.715652,1.00000002e+30,211.51091,1.00000002e+30,1.00000002e+30,347.165222,1.00000002e+30,1.00000002e+30,384.053162,1.00000002e+30,218.842148,1.00000002e+30,1.00000002e+30,328.94278,1.00000002e+30,1.00000002e+30,318.557526,1.00000002e+30,509.8797,1.00000002e+30,1.00000002e+30,50.6041679,1.00000002e+30,1.00000002e+30,143.300537,1.00000002e+30,233.870621,1.00000002e+30,1.00000002e+30,191.744629,1.00000002e+30,1.00000002e+30,176.049026,1.00000002e+30,211.889542,1.00000002e+30,1.00000002e+30,326.152588,1.00000002e+30,1.00000002e+30,254.72171,1.00000002e+30,483.052429,1.00000002e+30,1.00000002e+30
1.00000002e+30,1.00000002e+30,1.00000002e+30,1.00000002e+30,299.624573,1.00000002e+30,1.00000002e+30,1.00000002e+30,1.00000002e+30,462.638184,1.00000002e+30,1.00000002e+30,487.326416,1.00000002e+30,398.344421,1.00000002e+30,1.00000002e+30,370.223999,1.00000002e+30,1.00000002e+30,336.082428,1.00000002e+30,343.968842,1.00000002e+30,1.00000002e+30,1.00000002e+30,1.00000002e+30,1.00000002e+30,331.968018,1.00000002e+30,1.00000002e+30,1.00000002e+30,1.00000002e+30,1.00000002e+30,1.00000002e+30,1.00000002e+30,1.00000002e+30,1.00000002e+30,84.5756683,1.00000002e+30,1.00000002e+30,55.9268303,1.00000002e+30,1.00000002e+30,143.199539,1.00000002e+30,150.460526,1.00000002e+30,1.00000002e+30,292.423798,1.00000002e+30,1.00000002e+30,260.28009,1.00000002e+30,1.00000002e+30,1.00000002e+30,1.00000002e+30,1.00000002e+30,1.00000002e+30,1.00000002e+30,1.00000002e+30,1.00000002e+30,1.00000002e+30,1.00000002e+30
1.00000002e+30,1.00000002e+30,468.466064,1.00000002e+30,1.00000002e+30,245.999878,1.00000002e+30,1.00000002e+30,1.00000002e+30,1.00000002e+30,260.256104,1.00000002e+30,1.00000002e+30,375.323395,1.00000002e+30,370.833923,1.00000002e+30,1.00000002e+30,1.00000002e+30,1.00000002e+30,1.00000002e+30,274.398621,1.00000002e+30,301.475525,1.00000002e+30,1.00000002e+30,563.458618,1.00000002e+30,1.00000002e+30,284.627808,1.00000002e+30,1.00000002e+30,1.00000002e+30,1.00000002e+30,497.386047,1.00000002e+30,1.00000002e+30,1.00000002e+30,1.00000002e+30,73.267746,1.00000002e+30,1.00000002e+30,92.056221,1.00000002e+30,1.00000002e+30,224.870117,1.00000002e+30,91.8837738,1.00000002e+30,1.00000002e+30,244.7733,1.00000002e+30,1.00000002e+30,229.027924,1.00000002e+30,1.00000002e+30,1.00000002e+30,1.00000002e+30,473.119202,1.00000002e+30,1.00000002e+30,1.00000002e+30,1.00000002e+30,560.525757
1.00000002e+30,1.00000002e+30,1.00000002e+30,383.819153,1.00000002e+30,1.00000002e+30,1.00000002e+30,1.00000002e+30,392.043335,1.00000002e+30,1.00000002e+30,213.398209,1.00000002e+30,1.00000002e+30,293.353241,1.00000002e+30,235.119751,1.00000002e+30,1.00000002e+30,390.558411,1.00000002e+30,1.00000002e+30,224.406921,1.00000002e+30,454.095276,1.00000002e+30,1.00000002e+30,496.273865,1.00000002e+30,1.00000002e+30,1.00000002e+30,1.00000002e+30,406.478973,1.00000002e+30,1.00000002e+30,443.307617,1.00000002e+30,1.00000002e+30,86.869812,1.00000002e+30,53.6729622,1.00000002e+30,1.00000002e+30,127.247704,1.00000002e+30,1.00000002e+30,81.389679,1.00000002e+30,166.017303,1.00000002e+30,1.00000002e+30,161.086761,1.00000002e+30,1.00000002e+30,561.785828,1.00000002e+30,480.096008,1.00000002e+30,1.00000002e+30,261.609802,1.00000002e+30,1.00000002e+30,1.00000002e+30,1.00000002e+30
1.00000002e+30,1.00000002e+30,1.00000002e+30,1.00000002e+30,259.405487,1.00000002e+30,1.00000002e+30,1.00000002e+30,1.00000002e+30,379.966858,1.00000002e+30,1.00000002e+30,425.869598,1.00000002e+30,1.00000002e+30,307.930115,1.00000002e+30,322.55127,1.00000002e+30,1.00000002e+30,241.525314,1.00000002e+30,1.00000002e+30,207.693329,1.00000002e+30,483.823761,1.00000002e+30,1.00000002e+30,233.321777,1.00000002e+30,1.00000002e+30,1.00000002e+30,1.00000002e+30,422.166504,1.00000002e+30,1.00000002e+30,1.00000002e+30,1.00000002e+30,1.00000002e+30,100.32222,1.00000002e+30,72.2157822,1.00000002e+30,1.00000002e+30,144.484787,1.00000002e+30,1.00000002e+30,100.018173,1.00000002e+30,169.873383,1.00000002e+30,1.00000002e+30,208.602386,1.00000002e+30,1.00000002e+30,1.00000002e+30,1.00000002e+30,1.00000002e+30,1.00000002e+30,1.00000002e+30,1.00000002e+30,1.00000002e+30,1.00000002e+30,479.067871
569.845947,1.00000002e+30,364.592773,1.00000002e+30,1.00000002e+30,230.534637,1.00000002e+30,1.00000002e+30,399.182892,1.00000002e+30,203.844208,1.00000002e+30,1.00000002e+30,272.286316,1.00000002e+30,1.00000002e+30,240.618454,1.00000002e+30,473.607697,1.00000002e+30,1.00000002e+30,211.069244,1.00000002e+30,1.00000002e+30,331.363037,1.00000002e+30,388.405457,1.00000002e+30,1.00000002e+30,209.816071,1.00000002e+30,1.00000002e+30,309.408508,1.00000002e+30,314.045349,1.00000002e+30,1.00000002e+30,510.902313,1.00000002e+30,1.00000002e+30,85.6383133,1.00000002e+30,84.9564972,1.00000002e+30,1.00000002e+30,212.953583,1.00000002e+30,1.00000002e+30,149.40657,1.00000002e+30,149.026108,1.00000002e+30,1.00000002e+30,192.996384,1.00000002e+30,1.00000002e+30,377.93042,1.00000002e+30,313.955261,1.00000002e+30,1.00000002e+30,561.319458,1.00000002e+30,1.00000002e+30
1.00000002e+30,402.908081,1.00000002e+30,307.998779,1.00000002e+30,1.00000002e+30,487.072693,1.00000002e+30,1.00000002e+30,377.141632,1.00000002e+30,193.256042,1.00000002e+30,1.00000002e+30,246.205887,1.00000002e+30,1.00000002e+30,312.709961,1.00000002e+30,253.0495,1.00000002e+30,1.00000002e+30,200.60994,1.00000002e+30,1.00000002e+30,329.300873,1.00000002e+30,371.570038,1.00000002e+30,1.00000002e+30,443.289612,1.00000002e+30,1.00000002e+30,288.400177,1.00000002e+30,302.984131,1.00000002e+30,1.00000002e+30,114.560608,1.00000002e+30,1.00000002e+30,87.3067551,1.00000002e+30,119.836517,1.00000002e+30,1.00000002e+30,70.9065552,1.00000002e+30,1.00000002e+30,141.44902,1.00000002e+30,146.417374,1.00000002e+30,1.00000002e+30,378.5737,1.00000002e+30,1.00000002e+30,314.101135,1.00000002e+30,270.066437,1.00000002e+30,1.00000002e+30,444.188904,1.00000002e+30
1.00000002e+30,1.00000002e+30,336.225372,1.00000002e+30,270.360138,1.00000002e+30,1.00000002e+30,357.796936,1.00000002e+30,1.00000002e+30,197.984848,1.00000002e+30,314.103027,1.00000002e+30,1.00000002e+30,246.261765,1.00000002e+30,1.00000002e+30,422.632202,1.00000002e+30,212.747223,1.00000002e+30,1.00000002e+30,176.459961,1.00000002e+30,1.00000002e+30,368.024536,1.00000002e+30,196.617767,1.00000002e+30,1.00000002e+30,310.488464,1.00000002e+30,1.00000002e+30,291.555054,1.00000002e+30,575.370239,1.00000002e+30,1.00000002e+30,92.79245,1.00000002e+30,1.00000002e+30,75.6512909,1.00000002e+30,104.929359,1.00000002e+30,1.00000002e+30,58.558567,1.00000002e+30,1.00000002e+30,120.695496,1.00000002e+30,163.782959,1.00000002e+30,1.00000002e+30,529.800171,1.00000002e+30,1.00000002e+30,275.356201,1.00000002e+30,512.188843,1.00000002e+30,1.00000002e+30,428.601501
